{
    "version": 1,
    "author": "ray nafi salsabila arindivah",
    "editor": "wokwi",
    "parts": [
      { "type": "wokwi-esp32-devkit-v1", "id": "esp", "top": 0, "left": 0, "attrs": {} },
      { "type": "wokwi-dht22", "id": "dht1", "top": -9.3, "left": -111, "attrs": {} },
      { "type": "wokwi-led", "id": "led1", "top": 102, "left": 186.2, "attrs": { "color": "red" } }
    ],
    "connections": [
      [ "esp:TX0", "$serialMonitor:RX", "", [] ],
      [ "esp:RX0", "$serialMonitor:TX", "", [] ],
      [ "dht1:GND", "esp:GND.2", "black", [ "v0" ] ],
      [ "dht1:VCC", "esp:3V3", "red", [ "v0" ] ],
      [ "dht1:SDA", "esp:D15", "green", [ "v0" ] ],
      [ "led1:C", "esp:GND.1", "green", [ "v0" ] ],
      [ "esp:D2", "led1:A", "green", [ "h61.9", "v-53.6", "h86.4", "v57.6" ] ]
    ],
    "dependencies": {}
  }